[
  {
    "id": 1,
    "word": "身先士卒",
    "frequency": 8,
    "definition": "作战时将领亲自带头，冲在士兵前面。现在也用来比喻领导带头，走在群众前面。"
  },
  {
    "id": 2,
    "word": "一马当先",
    "frequency": 12,
    "definition": "作战时策马冲在最前面。形容领先或带头。"
  },
  {
    "id": 3,
    "word": "至理名言",
    "frequency": 7,
    "definition": "最正确、更有价值的话。"
  },
  {
    "id": 4,
    "word": "始料未及",
    "frequency": 10,
    "definition": "最初的设想没有按照预期的目标发展，让人感到突然和意外的惊讶。"
  },
  {
    "id": 5,
    "word": "迎来送往",
    "frequency": 4,
    "definition": "走的欢送，来的欢迎。形容忙于交际应酬。"
  },
  {
    "id": 6,
    "word": "自以为是",
    "frequency": 11,
    "definition": "总以为自己是对的。形容主观，不虚心。"
  },
  {
    "id": 7,
    "word": "杯水风波",
    "frequency": 4,
    "definition": "字面解读就是一杯水所引起的风波，表示小题大做。"
  },
  {
    "id": 8,
    "word": "自命清高",
    "frequency": 3,
    "definition": "自以为自己清高。"
  },
  {
    "id": 9,
    "word": "自高自大",
    "frequency": 9,
    "definition": "自以为了不起。"
  },
  {
    "id": 10,
    "word": "孤芳自赏",
    "frequency": 10,
    "definition": "自命清高、自我欣赏。贬义词。"
  },
  {
    "id": 11,
    "word": "责无旁贷",
    "frequency": 13,
    "definition": "自己应尽的责任，不能推卸给旁人。"
  },
  {
    "id": 12,
    "word": "力所能及",
    "frequency": 5,
    "definition": "自己的能力所能办到的。"
  },
  {
    "id": 13,
    "word": "志存高远",
    "frequency": 2,
    "definition": "追求远大的理想、事业上的抱负。"
  },
  {
    "id": 14,
    "word": "轰轰烈烈",
    "frequency": 12,
    "definition": "形容气魄雄伟，声势浩大。"
  },
  {
    "id": 15,
    "word": "渐行渐远",
    "frequency": 4,
    "definition": "由于性格、观念、背景不同，本来很要好的两个人形同陌路。"
  },
  {
    "id": 16,
    "word": "妙言要道",
    "frequency": 7,
    "definition": "中肯的名言，深微的道理。"
  },
  {
    "id": 17,
    "word": "自行其是",
    "frequency": 7,
    "definition": "做自己认为对的事，不考虑别人的意见。"
  },
  {
    "id": 18,
    "word": "优柔寡断",
    "frequency": 10,
    "definition": "做事犹豫，缺乏决断。"
  },
  {
    "id": 19,
    "word": "循规蹈矩",
    "frequency": 21,
    "definition": "遵守规矩，不敢违反。拘守旧准则，不敢稍做变动。"
  },
  {
    "id": 20,
    "word": "罄竹难书",
    "frequency": 9,
    "definition": "指罪行极多。"
  },
  {
    "id": 21,
    "word": "口是心非",
    "frequency": 2,
    "definition": "嘴里说一套，心里想一套，心口不一致。"
  },
  {
    "id": 22,
    "word": "自强不息",
    "frequency": 3,
    "definition": "自己不懈地努力向上。"
  },
  {
    "id": 23,
    "word": "重见天日",
    "frequency": 6,
    "definition": "重新看到了天和太阳。比喻脱离黑暗，重见光明。"
  },
  {
    "id": 24,
    "word": "不刊之论",
    "frequency": 9,
    "definition": "指正确的、不可修改的言论。"
  },
  {
    "id": 25,
    "word": "毁于一旦",
    "frequency": 7,
    "definition": "长期劳动的成果一下子被毁掉。"
  },
  {
    "id": 26,
    "word": "永葆青春",
    "frequency": 2,
    "definition": "长久地保持年轻。"
  },
  {
    "id": 27,
    "word": "亘古长青",
    "frequency": 7,
    "definition": "指长久不衰。"
  },
  {
    "id": 28,
    "word": "金戈铁马",
    "frequency": 3,
    "definition": "指战事，也用以形容战士的雄姿。"
  },
  {
    "id": 29,
    "word": "独善其身",
    "frequency": 21,
    "definition": "在污浊的环境中能不受干扰地坚持自己的美好品格。也指缺乏集体精神。"
  },
  {
    "id": 30,
    "word": "惨淡经营",
    "frequency": 7,
    "definition": "在困难的境况中艰苦地从事某种事业。"
  },
  {
    "id": 31,
    "word": "运筹帷幄",
    "frequency": 10,
    "definition": "在后方决定作战方案。也泛指主持大计，考虑决策。"
  },
  {
    "id": 32,
    "word": "东山再起",
    "frequency": 9,
    "definition": "再度出任要职。也比喻失势之后又重新得势。"
  },
  {
    "id": 33,
    "word": "源远流长",
    "frequency": 21,
    "definition": "源头很远，水流很长，比喻历史悠久。"
  },
  {
    "id": 34,
    "word": "怨天尤人",
    "frequency": 9,
    "definition": "遇到挫折或出了问题，一味报怨天，责怪别人。"
  },
  {
    "id": 35,
    "word": "爱莫能助",
    "frequency": 7,
    "definition": "有心帮助，但因力量不够或条件所限而做不到。"
  },
  {
    "id": 36,
    "word": "润物无声",
    "frequency": 12,
    "definition": "有大胸怀者，做了贡献而不张扬，默默奉献。"
  },
  {
    "id": 37,
    "word": "特立独行",
    "frequency": 13,
    "definition": "有操守、有见识，不随波逐流。"
  },
  {
    "id": 38,
    "word": "毋庸讳言",
    "frequency": 11,
    "definition": "用用不着隐讳，可以直说的内容。"
  },
  {
    "id": 39,
    "word": "销声匿迹",
    "frequency": 11,
    "definition": "隐藏起来，不公开露面。"
  },
  {
    "id": 40,
    "word": "栩栩如生",
    "frequency": 22,
    "definition": "艺术形象非常逼真，如同活的一样。"
  },
  {
    "id": 41,
    "word": "红口白牙",
    "frequency": 3,
    "definition": "一口咬定或指某句话确实说过。"
  },
  {
    "id": 42,
    "word": "蔚然成风",
    "frequency": 11,
    "definition": "一件事物逐渐发展盛行，形成一种良好风气。"
  },
  {
    "id": 43,
    "word": "一夜成名",
    "frequency": 3,
    "definition": "形容人一下子就成功了，原指中科举扬名天下。"
  },
  {
    "id": 44,
    "word": "声情并茂",
    "frequency": 6,
    "definition": "演唱、朗诵等的音色和表达的感情都很动人。"
  },
  {
    "id": 45,
    "word": "匪夷所思",
    "frequency": 11,
    "definition": "言谈行动离奇古怪，不是一般人根据常情所能想象的。"
  },
  {
    "id": 46,
    "word": "粉墙黛瓦",
    "frequency": 5,
    "definition": "雪白的墙壁，青黑的瓦，用来描写房屋。"
  },
  {
    "id": 47,
    "word": "学思践悟",
    "frequency": 6,
    "definition": "学习再思考，再通过实践悟出道理。"
  },
  {
    "id": 48,
    "word": "刻不容缓",
    "frequency": 16,
    "definition": "形势紧迫，一刻也不允许拖延。"
  },
  {
    "id": 49,
    "word": "怅然若失",
    "frequency": 3,
    "definition": "心情沮丧，像丢了什么东西，心情失落。"
  },
  {
    "id": 50,
    "word": "信手拈来",
    "frequency": 12,
    "definition": "写文章时能自由纯熟地选用词语或应用典故，不需过多思考。"
  },
  {
    "id": 51,
    "word": "顺理成章",
    "frequency": 13,
    "definition": "写文章或做事情顺着条理就能做好。比喻自然产生的结果。"
  },
  {
    "id": 52,
    "word": "今非昔比",
    "frequency": 12,
    "definition": "现在不是过去能比得上的。多指形势等发生了巨大而良好的变化。"
  },
  {
    "id": 53,
    "word": "乐见其成",
    "frequency": 3,
    "definition": "希望看到某事物发展下去或取得成功。"
  },
  {
    "id": 54,
    "word": "无足轻重",
    "frequency": 18,
    "definition": "指无关紧要。"
  },
  {
    "id": 55,
    "word": "千篇一律",
    "frequency": 11,
    "definition": "指文章公式化，办事机械，形式陈旧呆板。"
  },
  {
    "id": 56,
    "word": "不负众望",
    "frequency": 10,
    "definition": "为人所信服，很争气，不辜负大家的期望。"
  },
  {
    "id": 57,
    "word": "心有余悸",
    "frequency": 3,
    "definition": "危险的事情虽然过去了，回想起来还感到害怕。"
  },
  {
    "id": 58,
    "word": "不一而足",
    "frequency": 2,
    "definition": "同类的事物不止一个而是很多，无法列举齐全。"
  },
  {
    "id": 59,
    "word": "耳熟能详",
    "frequency": 12,
    "definition": "听得多了，能够说得很清楚、很详细。"
  },
  {
    "id": 60,
    "word": "天经地义",
    "frequency": 6,
    "definition": "天地间历久不变的常道。指理所当然，不容置疑。"
  },
  {
    "id": 61,
    "word": "一如既往",
    "frequency": 14,
    "definition": "态度没有变化，完全像从前一样。"
  },
  {
    "id": 62,
    "word": "水丰草茂",
    "frequency": 6,
    "definition": "水流充沛，草儿茂盛。"
  },
  {
    "id": 63,
    "word": "形神兼备",
    "frequency": 6,
    "definition": "艺术作品不但有美妙的形态且有神韵。"
  },
  {
    "id": 64,
    "word": "不谋而合",
    "frequency": 18,
    "definition": "事先没有商量过，意见或行动却完全一致。"
  },
  {
    "id": 65,
    "word": "天造地设",
    "frequency": 7,
    "definition": "事物自然形成，合乎理想，不必再加人工。"
  },
  {
    "id": 66,
    "word": "怪诞离奇",
    "frequency": 7,
    "definition": "事物奇怪、古怪、匪夷所思。"
  },
  {
    "id": 67,
    "word": "变幻无常",
    "frequency": 4,
    "definition": "事物经常变化，没有规律性。"
  },
  {
    "id": 68,
    "word": "无与伦比",
    "frequency": 15,
    "definition": "事物非常完美，没有能跟它相比的。"
  },
  {
    "id": 69,
    "word": "具体而微",
    "frequency": 8,
    "definition": "事物的各个组成部分大体都有了，但规模较小。"
  },
  {
    "id": 70,
    "word": "功败垂成",
    "frequency": 12,
    "definition": "事情接近成功的时候却遭到了失败。"
  },
  {
    "id": 71,
    "word": "瓜熟蒂落",
    "frequency": 7,
    "definition": "时机一旦成熟，事情自然成功。"
  },
  {
    "id": 72,
    "word": "抑扬顿挫",
    "frequency": 10,
    "definition": "声音的高低起伏和停顿转折。"
  },
  {
    "id": 73,
    "word": "优胜劣汰",
    "frequency": 6,
    "definition": "生物在生存竞争中适应力强的生存，适应力差的被淘汰。"
  },
  {
    "id": 74,
    "word": "循循善诱",
    "frequency": 6,
    "definition": "善于引导别人进行学习。"
  },
  {
    "id": 75,
    "word": "拔地而起",
    "frequency": 6,
    "definition": "形容山峰、植物等高耸在地面上，突兀而起。"
  },
  {
    "id": 76,
    "word": "始终如一",
    "frequency": 13,
    "definition": "人能坚持，做事从不间断。"
  },
  {
    "id": 77,
    "word": "明察秋毫",
    "frequency": 13,
    "definition": "目光敏锐，能洞察极其细小的事物。"
  },
  {
    "id": 78,
    "word": "接踵而至",
    "frequency": 15,
    "definition": "人们前脚跟着后脚，接连不断地来。形容络绎不绝。"
  },
  {
    "id": 79,
    "word": "巧夺天工",
    "frequency": 10,
    "definition": "人工的精巧胜过天然制成，形容技艺十分高超。"
  },
  {
    "id": 80,
    "word": "潜移默化",
    "frequency": 36,
    "definition": "思想或性格不知不觉受到感染、影响而发生变化。"
  },
  {
    "id": 81,
    "word": "目无全牛",
    "frequency": 8,
    "definition": "技艺高超，得心应手，到达非常纯熟的地步。"
  },
  {
    "id": 82,
    "word": "贻笑大方",
    "frequency": 10,
    "definition": "让内行人笑话。常为自谦说法。"
  },
  {
    "id": 83,
    "word": "每况愈下",
    "frequency": 8,
    "definition": "情况越来越坏。"
  },
  {
    "id": 84,
    "word": "安然无虞",
    "frequency": 8,
    "definition": "平安顺利，没有忧患。"
  },
  {
    "id": 85,
    "word": "人迹罕至",
    "frequency": 10,
    "definition": "偏僻荒凉的地方很少有人来过。"
  },
  {
    "id": 86,
    "word": "力所不逮",
    "frequency": 3,
    "definition": "能力达不到。"
  },
  {
    "id": 87,
    "word": "力有不逮",
    "frequency": 1,
    "definition": "能力达不到，触及不到。"
  },
  {
    "id": 88,
    "word": "大行其道",
    "frequency": 13,
    "definition": "某种新潮事物流行、盛行，成为风尚。"
  },
  {
    "id": 89,
    "word": "习以为常",
    "frequency": 18,
    "definition": "某件事经常去做或看到，觉得很平常。"
  },
  {
    "id": 90,
    "word": "行之有效",
    "frequency": 5,
    "definition": "某种方法或措施已经实行过，证明很有效用。"
  },
  {
    "id": 91,
    "word": "司空见惯",
    "frequency": 43,
    "definition": "某事物十分常见，不足为奇。"
  },
  {
    "id": 92,
    "word": "势在必行",
    "frequency": 19,
    "definition": "根据事物发展趋势，某事必须要做。"
  },
  {
    "id": 93,
    "word": "买椟还珠",
    "frequency": 5,
    "definition": "比喻取舍不当，次要的东西比主要的还好。"
  },
  {
    "id": 94,
    "word": "相辅相成",
    "frequency": 26,
    "definition": "两件事物互相配合，互相辅助，缺一不可。"
  },
  {
    "id": 95,
    "word": "相得益彰",
    "frequency": 36,
    "definition": "两件事物互相配合，双方的能力和作用更能显示出来。"
  },
  {
    "id": 96,
    "word": "势单力薄",
    "frequency": 5,
    "definition": "力量不足。"
  },
  {
    "id": 97,
    "word": "左支右绌",
    "frequency": 7,
    "definition": "力量不足，应付了这一方面，那一方面又有了问题。"
  },
  {
    "id": 98,
    "word": "力屈道穷",
    "frequency": 1,
    "definition": "力量办法都已用尽。"
  },
  {
    "id": 99,
    "word": "深入人心",
    "frequency": 12,
    "definition": "理论、学说、政策等为人们深切了解和信服。"
  },
  {
    "id": 100,
    "word": "苦心孤诣",
    "frequency": 11,
    "definition": "苦心钻研，到了别人所达不到的地步。也指煞费苦心。"
  }
]
